{
    "Level": 1,
    "Objects": [
        {
            "ModelName": "Data\\gameobject\\object01.x",
            "Move": [
                0.0,
                0.0,
                0.0
            ],
            "Name": "SafeZone",
            "Pos": [
                123.0999984741211,
                0.0,
                126.0999984741211
            ],
            "Rot": [
                0.0,
                0.0,
                0.0
            ],
            "Rotation": [
                0.0,
                0.0,
                0.0
            ],
            "Scale": [
                1.0,
                1.0,
                1.0
            ],
            "SummonFrame": 0
        },
        {
            "ModelName": "Data\\gameobject\\object01.x",
            "Move": [
                0.0,
                0.0,
                0.0
            ],
            "Name": "SafeZone",
            "Pos": [
                0.0,
                0.0,
                126.0999984741211
            ],
            "Rot": [
                0.0,
                0.0,
                0.0
            ],
            "Rotation": [
                0.0,
                0.0,
                0.0
            ],
            "Scale": [
                1.0,
                1.0,
                1.0
            ],
            "SummonFrame": 0
        },
        {
            "ModelName": "Data\\gameobject\\object01.x",
            "Move": [
                0.0,
                0.0,
                0.0
            ],
            "Name": "SafeZone",
            "Pos": [
                0.0,
                115.30000305175781,
                126.0999984741211
            ],
            "Rot": [
                0.0,
                0.0,
                0.0
            ],
            "Rotation": [
                0.0,
                0.0,
                0.0
            ],
            "Scale": [
                1.0,
                1.0,
                1.0
            ],
            "SummonFrame": 0
        }
    ]
}