{
    "Level": 1,
    "Tag": "None",
    "AnticipationFrame": 200,
    "Objects": [
        {
            "ModelName": "Data\\MODEL\\poops.x",
            "Move": [
                0.0,
                0.0,
                0.0
            ],
            "Name": "Obstacle",
            "Pos": [
                86.5,
                35.29999923706055,
                0.0
            ],
            "Rot": [
                0.0,
                7.199999809265137,
                0.0
            ],
            "Rotation": [
                -0.4000000059604645,
                0.0,
                0.20000000298023224
            ],
            "Scale": [
                1.0,
                1.0,
                1.0
            ],
            "SummonFrame": 0
        },
        {
            "ModelName": "Data\\MODEL\\igaguri.x",
            "Move": [
                0.0,
                0.0,
                0.0
            ],
            "Name": "Obstacle",
            "Pos": [
                35.70000076293945,
                90.80000305175781,
                0.0
            ],
            "Rot": [
                0.0,
                0.0,
                0.0
            ],
            "Rotation": [
                -0.800000011920929,
                0.8999999761581421,
                0.0
            ],
            "Scale": [
                1.0,
                1.0,
                1.0
            ],
            "SummonFrame": 0
        },
        {
            "ModelName": "Data\\MODEL\\poops.x",
            "Move": [
                0.0,
                0.0,
                0.0
            ],
            "Name": "Obstacle",
            "Pos": [
                -24.799999237060547,
                -37.70000076293945,
                0.0
            ],
            "Rot": [
                0.5,
                0.0,
                0.0
            ],
            "Rotation": [
                0.0,
                0.6000000238418579,
                0.20000000298023224
            ],
            "Scale": [
                1.0,
                1.0,
                1.0
            ],
            "SummonFrame": 0
        },
        {
            "ModelName": "Data\\MODEL\\hammer.x",
            "Move": [
                0.0,
                0.0,
                0.0
            ],
            "Name": "Obstacle",
            "Pos": [
                -28.299999237060547,
                87.30000305175781,
                0.0
            ],
            "Rot": [
                0.20000000298023224,
                0.0,
                0.0
            ],
            "Rotation": [
                0.0,
                0.0,
                -0.30000001192092896
            ],
            "Scale": [
                1.899999976158142,
                1.2999999523162842,
                1.7000000476837158
            ],
            "SummonFrame": 0
        },
        {
            "ModelName": "Data\\MODEL\\shuriken.x",
            "Move": [
                0.0,
                0.0,
                0.0
            ],
            "Name": "SafeZone",
            "Pos": [
                -184.6999969482422,
                73.9000015258789,
                0.0
            ],
            "Rot": [
                0.27000001072883606,
                0.0,
                0.0
            ],
            "Rotation": [
                0.0,
                0.4000000059604645,
                1.600000023841858
            ],
            "Scale": [
                5.0,
                5.0,
                5.0
            ],
            "SummonFrame": 0
        },
        {
            "ModelName": "Data\\MODEL\\shuriken.x",
            "Move": [
                0.0,
                0.0,
                0.0
            ],
            "Name": "SafeZone",
            "Pos": [
                181.1999969482422,
                0.0,
                0.0
            ],
            "Rot": [
                -0.20000000298023224,
                0.0,
                0.0
            ],
            "Rotation": [
                0.0,
                -0.5,
                1.5
            ],
            "Scale": [
                5.0,
                5.0,
                5.0
            ],
            "SummonFrame": 0
        },
        {
            "ModelName": "Data\\MODEL\\SafeZone.x",
            "Move": [
                0.0,
                0.0,
                0.0
            ],
            "Name": "SafeZone",
            "Pos": [
                -185.8000030517578,
                72.4000015258789,
                0.0
            ],
            "Rot": [
                0.0,
                0.0,
                0.0
            ],
            "Rotation": [
                0.0,
                0.0,
                0.0
            ],
            "Scale": [
                1.0,
                1.0,
                1.0
            ],
            "SummonFrame": 0
        },
        {
            "ModelName": "Data\\MODEL\\SafeZone.x",
            "Move": [
                0.0,
                0.0,
                0.0
            ],
            "Name": "SafeZone",
            "Pos": [
                176.89999389648438,
                0.0,
                0.0
            ],
            "Rot": [
                0.0,
                0.0,
                0.0
            ],
            "Rotation": [
                0.0,
                0.0,
                0.0
            ],
            "Scale": [
                1.0,
                1.0,
                1.0
            ],
            "SummonFrame": 0
        },
        {
            "ModelName": "Data\\MODEL\\chainsaw.x",
            "Move": [
                0.0,
                0.0,
                0.0
            ],
            "Name": "Obstacle",
            "Pos": [
                78.80000305175781,
                -73.30000305175781,
                0.0
            ],
            "Rot": [
                0.20000000298023224,
                0.0,
                0.0
            ],
            "Rotation": [
                0.0,
                1.399999976158142,
                0.0
            ],
            "Scale": [
                2.0,
                2.0,
                2.0
            ],
            "SummonFrame": 0
        },
        {
            "ModelName": "Data\\MODEL\\hammer.x",
            "Move": [
                0.0,
                0.0,
                0.0
            ],
            "Name": "Obstacle",
            "Pos": [
                -88.9000015258789,
                103.0999984741211,
                0.0
            ],
            "Rot": [
                0.30000001192092896,
                0.0,
                0.0
            ],
            "Rotation": [
                0.0,
                0.0,
                0.30000001192092896
            ],
            "Scale": [
                1.0,
                1.0,
                1.0
            ],
            "SummonFrame": 0
        },
        {
            "ModelName": "Data\\MODEL\\bomb.x",
            "Move": [
                0.0,
                0.0,
                0.0
            ],
            "Name": "Obstacle",
            "Pos": [
                100.5,
                127.0999984741211,
                0.0
            ],
            "Rot": [
                1.0,
                1.0,
                0.0
            ],
            "Rotation": [
                16.399999618530273,
                -2.0,
                0.20000000298023224
            ],
            "Scale": [
                2.0,
                2.0,
                2.0
            ],