{
    "Level": 1,
    "Tag": "None",
    "AnticipationFrame": 200,
    "Objects": [
        {
            "ModelName": "Data\\MODEL\\kemusi.x",
            "Move": [
                0.0,
                0.0,
                0.0
            ],
            "Name": "Obstacle",
            "Pos": [
                97.19999694824219,
                0.0,
                0.0
            ],
            "Rot": [
                0.0,
                0.0,
                0.0
            ],
            "Rotation": [
                0.0,
                0.4000000059604645,
                0.0
            ],
            "Scale": [
                18.0,
                16.700000762939453,
                8.0
            ],
            "SummonFrame": 0
        },
        {
            "ModelName": "Data\\MODEL\\glasses.x",
            "Move": [
                0.0,
                0.0,
                0.0
            ],
            "Name": "Obstacle",
            "Pos": [
                96.30000305175781,
                25.200000762939453,
                0.0
            ],
            "Rot": [
                0.0,
                0.0,
                0.0
            ],
            "Rotation": [
                -0.10000000149011612,
                0.30000001192092896,
                0.0
            ],
            "Scale": [
                1.0,
                1.0,
                1.5
            ],
            "SummonFrame": 0
        },
        {
            "ModelName": "Data\\MODEL\\harisenbon.x",
            "Move": [
                0.0,
                0.0,
                0.0
            ],
            "Name": "Obstacle",
            "Pos": [
                -70.5,
                66.19999694824219,
                0.0
            ],
            "Rot": [
                0.0,
                0.0,
                0.0
            ],
            "Rotation": [
                0.0,
                -0.5,
                0.0
            ],
            "Scale": [
                1.899999976158142,
                2.299999952316284,
                2.0
            ],
            "SummonFrame": 0
        },
        {
            "ModelName": "Data\\MODEL\\glasses.x",
            "Move": [
                0.0,
                0.0,
                0.0
            ],
            "Name": "Obstacle",
            "Pos": [
                -67.5999984741211,
                79.80000305175781,
                0.0
            ],
            "Rot": [
                0.0,
                0.0,
                0.0
            ],
            "Rotation": [
                0.0,
                -0.4000000059604645,
                0.0
            ],
            "Scale": [
                1.0,
                1.0,
                2.200000047683716
            ],
            "SummonFrame": 0
        },
        {
            "ModelName": "Data\\MODEL\\banana.x",
            "Move": [
                0.0,
                0.0,
                0.0
            ],
            "Name": "Obstacle",
            "Pos": [
                0.0,
                -43.099998474121094,
                0.0
            ],
            "Rot": [
                0.0,
                0.0,
                0.0
            ],
            "Rotation": [
                0.10000000149011612,
                -1.899999976158142,
                0.0
            ],
            "Scale": [
                2.5,
                1.399999976158142,
                2.0999999046325684
            ],
            "SummonFrame": 0
        },
        {
            "ModelName": "Data\\MODEL\\glasses.x",
            "Move": [
                0.0,
                0.0,
                0.0
            ],
            "Name": "Obstacle",
            "Pos": [
                0.5,
                -23.700000762939453,
                0.0
            ],
            "Rot": [
                0.0,
                0.0,
                0.0
            ],
            "Rotation": [
                0.0,
                0.0,
                0.0
            ],
            "Scale": [
                0.800000011920929,
                0.699999988079071,
                2.0
            ],
            "SummonFrame": 0
        },
        {
            "HoleOffset": [
                168.1999969482422,
                -1.600000023841858,
                0.0
            ],
            "HoleRot": [
                0.0,
                0.0,
                0.0
            ],
            "HoleScale": [
                12.800000190734863,
                6.900000095367432,
                2.799999952316284
            ],
            "ModelName": "Data\\MODEL\\glasses_hole.x",
            "Move": [
                0.0,
                0.0,
                0.0
            ],
            "Name": "HoleObstacle",
            "Pos": [
                0.0,
                134.0,
                0.0
            ],
            "Rot": [
                0.0,
                0.0,
                0.0
            ],
            "Rotation": [
                0.0,
                0.0,
                0.0
            ],
            "Scale": [
                11.899999618530273,
                7.699999809265137,
                -1.899999976158142
            ],
            "SummonFrame": 0
        },
        {
            "HoleOffset": [
                177.10000610351563,
                -5.0,
                0.0
            ],
            "HoleRot": [
                0.0,
                0.0,
                0.0
            ],
            "HoleScale": [
                13.699999809265137,
                7.0,
                2.799999952316284
            ],
            "ModelName": "Data\\MODEL\\glasses_hole.x",
            "Move": [
                0.0,
                0.0,
                0.0
            ],
            "Name": "HoleObstacle",
            "Pos": [
                0.0,
                -140.0,
                0.0
            ],
            "Rot": [
                0.0,
                0.0,
                0.0
            ],
            "Rotation": [
                0.0,
                0.0,
                3.130000114440918
            ],
            "Scale": [
                12.399999618530273,
                7.599999904632568,
                -1.7000000476837158
            ],
            "SummonFrame": 0
        },
        {
            "ModelName": "Data\\MODEL\\snails.x",
            "Move": [
                0.0,
                0.0,
                0.0
            ],
            "Name": "Obstacle",
            "Pos": [
                -161.39999389648438,
                -73.0999984741211,
                0.0
            ],
            "Rot": [
                0.0,
                0.0,
                0.0
            ],
            "Rotation": [
                0.0,
                -1.0,
                0.0
            ],
            "Scale": [
                1.0,
                1.0,
                1.0
            ],
            "SummonFrame": 0
        },
        {
            "ModelName": "Data\\MODEL\\glasses.x",
            "Move": [
                0.0,
                0.0,
                0.0
            ],
            "Name": "Obstacle",
            "Pos": [
                -162.10000610351563,
                -60.900001525878906,
                0.0
            ],
            "Rot": [
                0.0,
                0.0,
                0.0
            ],
            "Rotation": [
                0.4000000059604645,
                -0.699999988079071,
                0.0
            ],